[
  {
    "username": "Keano",
    "password": "Keanoxd1!@@%##@A",
    "maxCons": "200",
    "maxDuration": "120",
    "planExpire": 1687719715298,
    "connections": {
      "con1": [
        true,
        1689149943
      ],
      "con2": [
        false,
        1689148118
      ],
      "con3": [
        false,
        1689146729
      ],
      "con4": [
        false,
        1689059364
      ],
      "con5": [
        false,
        1689059856
      ],
      "con6": [
        false,
        1689007377
      ],
      "con7": [
        false,
        1689007378
      ],
      "con8": [
        false,
        1689007378
      ],
      "con9": [
        false,
        1689007378
      ],
      "con10": [
        false,
        1689008850
      ],
      "con11": [
        false,
        1687770985
      ],
      "con12": [
        false,
        1687770985
      ],
      "con13": [
        false,
        1687770985
      ],
      "con14": [
        false,
        1687770986
      ],
      "con15": [
        false,
        1687770986
      ],
      "con16": [
        false,
        1687770986
      ],
      "con17": [
        false,
        1687770986
      ],
      "con18": [
        false,
        1687770987
      ],
      "con19": [
        false,
        1687770987
      ],
      "con20": [
        false,
        1687770987
      ],
      "con21": [
        false,
        1687770987
      ],
      "con22": [
        false,
        1687770987
      ],
      "con23": [
        false,
        1687770987
      ],
      "con24": [
        false,
        1687770988
      ],
      "con25": [
        false,
        1687770988
      ],
      "con26": [
        false,
        1687771000
      ],
      "con27": [
        false,
        1687771331
      ],
      "con28": [
        false,
        1687507973
      ],
      "con29": [
        false,
        1687458494
      ],
      "con30": [
        false,
        1687458494
      ],
      "con31": [
        false,
        1687458494
      ],
      "con32": [
        false,
        1687458494
      ],
      "con33": [
        false,
        1687458495
      ],
      "con34": [
        false,
        1687458495
      ],
      "con35": [
        false,
        1687458495
      ],
      "con36": [
        false,
        1687458495
      ],
      "con37": [
        false,
        1687458495
      ],
      "con38": [
        false,
        1687458495
      ],
      "con39": [
        false,
        1687458496
      ],
      "con40": [
        false,
        1687458496
      ],
      "con41": [
        false,
        1687458496
      ],
      "con42": [
        false,
        1687458496
      ],
      "con43": [
        false,
        1687458496
      ],
      "con44": [
        false,
        1687458496
      ],
      "con45": [
        false,
        1687458497
      ],
      "con46": [
        false,
        1687458497
      ],
      "con47": [
        false,
        1687458497
      ],
      "con48": [
        false,
        1687458497
      ],
      "con49": [
        false,
        1687458497
      ],
      "con50": [
        false,
        1687458498
      ],
      "con51": [
        false,
        1687458498
      ],
      "con52": [
        false,
        1687458498
      ],
      "con53": [
        false,
        1687458498
      ],
      "con54": [
        false,
        1687458498
      ],
      "con55": [
        false,
        1687458499
      ],
      "con56": [
        false,
        1687458499
      ],
      "con57": [
        false,
        1687458499
      ],
      "con58": [
        false,
        1687458499
      ],
      "con59": [
        false,
        1687458499
      ],
      "con60": [
        false,
        1687458500
      ],
      "con61": [
        false,
        1687458500
      ],
      "con62": [
        false,
        1687459795
      ],
      "con63": [
        false,
        1687458461
      ],
      "con64": [
        false,
        1687458461
      ],
      "con65": [
        false,
        1687458461
      ],
      "con66": [
        false,
        1687458461
      ],
      "con67": [
        false,
        1687458462
      ],
      "con68": [
        false,
        1687458462
      ],
      "con69": [
        false,
        1687458462
      ],
      "con70": [
        false,
        1687458462
      ],
      "con71": [
        false,
        1687458489
      ]
    }
  },
  {
    "username": "Paralizer",
    "password": "Paralizer1234",
    "maxCons": "1",
    "maxDuration": "90",
    "planExpire": 1773694847661,
    "connections": {
      "con1": [
        true,
        1693596433
      ],
      "con2": [
        false,
        1693596350
      ],
      "con3": [
        false,
        1688328023
      ]
    }
  },
  {
    "username": "Fabi",
    "password": "Fabi1234",
    "maxCons": "1",
    "maxDuration": "90",
    "planExpire": 1703106127924,
    "connections": {}
  },
  {
    "planExpire": null,
    "connections": {}
  },
  {
    "username": "root",
    "password": "Keanoxd1",
    "maxCons": "999",
    "maxDuration": "999",
    "planExpire": 1779176334724,
    "connections": {
      "con1": [
        true,
        1693617060
      ],
      "con2": [
        false,
        1693616980
      ],
      "con3": [
        false,
        1693608678
      ],
      "con4": [
        false,
        1693594385
      ],
      "con5": [
        false,
        1693559156
      ],
      "con6": [
        false,
        1693413060
      ],
      "con7": [
        false,
        1693391653
      ],
      "con8": [
        false,
        1693391813
      ],
      "con9": [
        false,
        1693391069
      ],
      "con10": [
        false,
        1693391084
      ],
      "con11": [
        false,
        1693391379
      ]
    }
  },
  {
    "username": "Elzero",
    "password": "Elzero112234",
    "maxCons": "3",
    "maxDuration": "200",
    "planExpire": 1750957741093,
    "connections": {
      "con1": [
        true,
        1693618945
      ],
      "con2": [
        false,
        1693618853
      ],
      "con3": [
        true,
        1693618987
      ],
      "con4": [
        false,
        1693616955
      ],
      "con5": [
        false,
        1693599460
      ],
      "con6": [
        false,
        1693579141
      ]
    }
  },
  {
    "username": "Peanut",
    "password": "Peanut",
    "maxCons": "1",
    "maxDuration": "200",
    "planExpire": 1696029159486,
    "connections": {
      "con1": [
        true,
        1693604476
      ],
      "con2": [
        false,
        1693603702
      ],
      "con3": [
        false,
        1693509624
      ]
    }
  },
  {
    "username": "Md5",
    "password": "Md51234",
    "maxCons": "5",
    "maxDuration": "200",
    "planExpire": 1696192849107,
    "connections": {
      "con1": [
        true,
        1693619153
      ],
      "con2": [
        false,
        1693618986
      ],
      "con3": [
        false,
        1693618992
      ],
      "con4": [
        true,
        1693619131
      ],
      "con5": [
        false,
        1693544673
      ],
      "con6": [
        false,
        1693544623
      ]
    }
  },
  {
    "username": "Seige",
    "password": "Seige1776",
    "maxCons": "1",
    "maxDuration": "200",
    "planExpire": 1694120104630,
    "connections": {
      "con1": [
        true,
        1693605987
      ],
      "con2": [
        false,
        1693605785
      ],
      "con3": [
        false,
        1693602803
      ]
    }
  },
  {
    "username": "Jayden",
    "password": "Jayden1234",
    "maxCons": "3",
    "maxDuration": "200",
    "planExpire": 1696235995562,
    "connections": {
      "con1": [
        false,
        1693618999
      ],
      "con2": [
        false,
        1693618978
      ],
      "con3": [
        true,
        1693619196
      ]
    }
  },
  {
    "username": "Cia1234",
    "password": "Cia1234",
    "maxCons": "2",
    "maxDuration": "200",
    "planExpire": 1696166205277,
    "connections": {}
  },
  {
    "username": "Sokin",
    "password": "Sokin1234",
    "maxCons": "3",
    "maxDuration": "200",
    "planExpire": 1698931843867,
    "connections": {
      "con1": [
        true,
        1693603283
      ],
      "con2": [
        false,
        1693603060
      ],
      "con3": [
        false,
        1693597852
      ]
    }
  }
]